<?xml version="1.0" encoding="UTF-8"?>
<project-private xmlns="http://www.netbeans.org/ns/project-private/1">
    <editor-bookmarks xmlns="http://www.netbeans.org/ns/editor-bookmarks/2" lastBookmarkId="0"/>
    <open-files xmlns="http://www.netbeans.org/ns/projectui-open-files/2">
        <group>
            <file>file:/D:/classes/132/LinkedListGenerics/src/LLGenerics/Node.java</file>
            <file>file:/D:/classes/132/LinkedListGenerics/src/LLGenerics/Driver.java</file>
            <file>file:/D:/classes/132/LinkedListGenerics/src/LLGenerics/LinkedList.java</file>
            <file>file:/D:/classes/132/LinkedListGenerics/src/LLGenerics/Song.java</file>
        </group>
    </open-files>
</project-private>
